timestamp,level,message
2025-04-26 16:25:26,INFO,アプリケーションが起動しました
2025-04-26 16:27:19,INFO,アプリケーションがシャットダウンしました
2025-04-26 16:27:19,INFO,アプリケーションが起動しました
2025-04-26 16:27:21,INFO,アプリケーションがシャットダウンしました
2025-04-26 16:27:21,INFO,アプリケーションが起動しました
2025-04-26 16:27:26,INFO,アプリケーションがシャットダウンしました
2025-04-26 16:27:37,INFO,アプリケーションが起動しました
2025-04-26 16:27:39,INFO,アプリケーションがシャットダウンしました
2025-04-26 16:27:39,INFO,アプリケーションが起動しました
2025-04-26 16:27:40,INFO,アプリケーションがシャットダウンしました
2025-04-26 16:27:41,INFO,アプリケーションが起動しました
2025-04-26 16:27:43,INFO,アプリケーションがシャットダウンしました
2025-04-26 16:27:44,INFO,アプリケーションが起動しました
2025-04-26 16:28:09,INFO,アプリケーションがシャットダウンしました
2025-04-26 16:28:10,INFO,アプリケーションが起動しました
2025-04-26 16:28:36,INFO,アプリケーションがシャットダウンしました
2025-04-26 16:28:37,INFO,アプリケーションが起動しました
2025-04-26 16:31:54,INFO,アプリケーションが起動しました
2025-04-26 16:31:59,INFO,アプリケーションがシャットダウンしました
2025-04-26 16:32:03,INFO,アプリケーションが起動しました
2025-04-26 16:32:58,INFO,アプリケーションがシャットダウンしました
2025-04-26 16:32:59,INFO,アプリケーションが起動しました
2025-04-26 16:33:48,INFO,アプリケーションがシャットダウンしました
2025-04-26 16:33:48,INFO,アプリケーションが起動しました
2025-04-26 16:33:57,INFO,アプリケーションがシャットダウンしました
2025-04-26 16:33:57,INFO,アプリケーションが起動しました
2025-04-26 16:33:58,INFO,アプリケーションがシャットダウンしました
2025-04-26 16:33:59,INFO,アプリケーションが起動しました
2025-04-26 16:34:04,INFO,アプリケーションがシャットダウンしました
2025-04-26 16:34:04,INFO,アプリケーションが起動しました
2025-04-26 16:34:13,INFO,アプリケーションがシャットダウンしました
2025-04-26 16:34:14,INFO,アプリケーションが起動しました
2025-04-26 16:34:20,INFO,アプリケーションがシャットダウンしました
2025-04-26 16:34:22,INFO,アプリケーションが起動しました
2025-04-26 16:34:23,INFO,アプリケーションがシャットダウンしました
2025-04-26 16:34:24,INFO,アプリケーションが起動しました
2025-04-26 16:34:38,INFO,アプリケーションがシャットダウンしました
2025-04-26 16:34:45,INFO,アプリケーションが起動しました
2025-04-26 16:34:45,INFO,アプリケーションがシャットダウンしました
2025-04-26 16:34:47,INFO,アプリケーションが起動しました
2025-04-26 16:34:57,INFO,アプリケーションがシャットダウンしました
2025-04-26 16:34:58,INFO,アプリケーションが起動しました
2025-04-26 16:35:00,INFO,アプリケーションがシャットダウンしました
2025-04-26 16:35:02,INFO,アプリケーションが起動しました
2025-04-26 16:36:27,INFO,アプリケーションがシャットダウンしました
2025-04-26 16:42:59,INFO,アプリケーションが起動しました
2025-04-26 16:43:05,INFO,アプリケーションがシャットダウンしました
2025-04-26 16:43:06,INFO,アプリケーションが起動しました
2025-04-26 16:43:12,INFO,アプリケーションがシャットダウンしました
2025-04-26 16:43:13,INFO,アプリケーションが起動しました
2025-04-26 16:45:57,INFO,アプリケーションがシャットダウンしました
2025-04-26 16:45:58,INFO,アプリケーションが起動しました
2025-04-26 16:46:53,INFO,アプリケーションがシャットダウンしました
2025-04-26 16:46:54,INFO,アプリケーションが起動しました
2025-04-26 16:46:59,INFO,アプリケーションがシャットダウンしました
2025-04-26 16:47:00,INFO,アプリケーションが起動しました
2025-04-26 16:47:18,INFO,アプリケーションがシャットダウンしました
2025-04-26 16:47:19,INFO,アプリケーションが起動しました
2025-04-26 16:47:19,INFO,アプリケーションがシャットダウンしました
2025-04-26 16:47:20,INFO,アプリケーションが起動しました
2025-04-26 16:47:55,INFO,アプリケーションがシャットダウンしました
2025-04-26 16:47:56,INFO,アプリケーションが起動しました
2025-04-26 16:47:57,INFO,アプリケーションがシャットダウンしました
2025-04-26 16:47:58,INFO,アプリケーションが起動しました
2025-04-26 16:50:07,INFO,アプリケーションがシャットダウンしました
2025-04-26 16:50:08,INFO,アプリケーションが起動しました
2025-04-26 16:54:35,INFO,アプリケーションがシャットダウンしました
2025-04-26 16:54:36,INFO,アプリケーションの起動完了: 0.01秒
2025-04-26 16:54:57,INFO,アプリケーションがシャットダウンしました
2025-04-26 16:54:58,INFO,アプリケーションが起動しました
2025-04-26 16:57:49,INFO,アプリケーションがシャットダウンしました
2025-04-26 16:58:36,INFO,アプリケーションが起動しました
2025-04-26 16:58:49,INFO,アプリケーションがシャットダウンしました
2025-04-26 16:59:52,INFO,アプリケーションが起動しました
2025-04-26 17:00:04,INFO,アプリケーションがシャットダウンしました
2025-04-26 17:00:11,INFO,アプリケーションが起動しました
2025-04-26 17:00:17,INFO,アプリケーションがシャットダウンしました
2025-04-26 17:00:18,INFO,アプリケーションが起動しました
2025-04-26 17:03:26,INFO,アプリケーションがシャットダウンしました
2025-04-26 17:03:27,INFO,アプリケーションが起動しました
2025-04-26 17:03:29,INFO,アプリケーションがシャットダウンしました
2025-04-26 17:03:32,INFO,アプリケーションが起動しました
2025-04-26 17:03:48,INFO,アプリケーションがシャットダウンしました
2025-04-26 17:03:48,INFO,アプリケーションが起動しました
2025-04-26 17:03:49,INFO,アプリケーションがシャットダウンしました
2025-04-26 17:03:50,INFO,アプリケーションが起動しました
2025-04-26 17:03:52,INFO,アプリケーションがシャットダウンしました
2025-04-26 17:03:53,INFO,アプリケーションが起動しました
2025-04-26 17:03:56,INFO,アプリケーションがシャットダウンしました
2025-04-26 17:03:57,INFO,アプリケーションが起動しました
2025-04-26 17:04:02,INFO,アプリケーションがシャットダウンしました
2025-04-26 17:04:03,INFO,アプリケーションが起動しました
2025-04-26 17:06:11,INFO,アプリケーションがシャットダウンしました
2025-04-26 17:06:12,INFO,アプリケーションが起動しました
2025-04-26 17:06:17,INFO,アプリケーションがシャットダウンしました
2025-04-26 17:06:18,INFO,アプリケーションが起動しました
2025-04-26 17:06:18,INFO,アプリケーションがシャットダウンしました
2025-04-26 17:06:19,INFO,アプリケーションが起動しました
2025-04-26 17:06:20,INFO,アプリケーションがシャットダウンしました
2025-04-26 17:06:21,INFO,アプリケーションが起動しました
2025-04-26 17:08:37,INFO,アプリケーションがシャットダウンしました
2025-04-26 17:08:37,INFO,アプリケーションが起動しました
2025-04-26 17:08:43,INFO,アプリケーションがシャットダウンしました
2025-04-26 17:08:44,INFO,アプリケーションが起動しました
2025-04-26 17:08:45,INFO,アプリケーションがシャットダウンしました
2025-04-26 17:08:46,INFO,アプリケーションが起動しました
2025-04-26 17:10:18,INFO,アプリケーションがシャットダウンしました
2025-04-26 17:10:19,INFO,アプリケーションが起動しました
2025-04-26 17:10:21,INFO,アプリケーションがシャットダウンしました
2025-04-26 17:10:21,INFO,アプリケーションが起動しました
2025-04-26 17:10:23,INFO,アプリケーションがシャットダウンしました
2025-04-26 17:10:24,INFO,アプリケーションが起動しました
2025-04-26 17:10:28,INFO,アプリケーションがシャットダウンしました
2025-04-26 17:10:29,INFO,アプリケーションが起動しました
2025-04-26 17:10:32,INFO,アプリケーションがシャットダウンしました
2025-04-26 17:10:33,INFO,アプリケーションが起動しました
2025-04-26 17:10:52,INFO,アプリケーションがシャットダウンしました
2025-04-26 17:10:53,INFO,アプリケーションが起動しました
2025-04-26 17:10:54,INFO,アプリケーションがシャットダウンしました
2025-04-26 17:10:54,INFO,アプリケーションが起動しました
2025-04-26 17:10:57,INFO,アプリケーションがシャットダウンしました
2025-04-26 17:10:58,INFO,アプリケーションが起動しました
2025-04-26 17:11:00,INFO,アプリケーションがシャットダウンしました
2025-04-26 17:11:01,INFO,アプリケーションが起動しました
2025-04-26 17:11:04,INFO,アプリケーションがシャットダウンしました
2025-04-26 17:11:04,INFO,アプリケーションが起動しました
2025-04-26 17:12:00,INFO,アプリケーションがシャットダウンしました
2025-04-26 17:12:01,INFO,アプリケーションが起動しました
2025-04-26 17:12:10,INFO,アプリケーションがシャットダウンしました
2025-04-26 17:12:10,INFO,アプリケーションが起動しました
2025-04-26 17:12:17,INFO,アプリケーションがシャットダウンしました
2025-04-26 17:12:17,INFO,アプリケーションが起動しました
2025-04-26 17:12:21,INFO,アプリケーションがシャットダウンしました
2025-04-26 17:12:21,INFO,アプリケーションが起動しました
2025-04-26 17:12:23,INFO,アプリケーションがシャットダウンしました
2025-04-26 17:12:27,INFO,アプリケーションが起動しました
2025-04-26 17:14:16,INFO,アプリケーションがシャットダウンしました
2025-04-26 17:14:17,INFO,アプリケーションが起動しました
2025-04-26 17:15:46,INFO,アプリケーションがシャットダウンしました
2025-04-26 17:15:46,INFO,アプリケーションが起動しました
2025-04-26 17:19:06,INFO,アプリケーションがシャットダウンしました
2025-04-26 17:19:07,INFO,アプリケーションが起動しました
2025-04-26 17:19:16,INFO,アプリケーションがシャットダウンしました
2025-04-26 17:19:16,INFO,アプリケーションが起動しました
2025-04-26 17:19:31,INFO,アプリケーションがシャットダウンしました
2025-04-26 17:19:32,INFO,アプリケーションが起動しました
2025-04-26 17:19:42,INFO,アプリケーションがシャットダウンしました
2025-04-26 17:19:43,INFO,アプリケーションが起動しました
2025-04-26 17:20:36,INFO,アプリケーションがシャットダウンしました
2025-04-26 17:20:39,INFO,アプリケーションが起動しました
2025-04-26 17:22:37,INFO,アプリケーションがシャットダウンしました
2025-04-26 17:22:38,INFO,アプリケーションが起動しました
2025-04-26 17:23:55,INFO,アプリケーションがシャットダウンしました
2025-04-26 17:24:09,INFO,アプリケーションが起動しました
2025-04-26 17:24:19,INFO,アプリケーションがシャットダウンしました
2025-04-26 17:24:35,INFO,アプリケーションが起動しました
2025-04-26 17:24:43,INFO,アプリケーションがシャットダウンしました
2025-04-26 17:24:44,INFO,アプリケーションが起動しました
2025-04-26 17:24:49,INFO,アプリケーションがシャットダウンしました
2025-04-26 17:24:49,INFO,アプリケーションが起動しました
2025-04-26 17:24:54,INFO,アプリケーションがシャットダウンしました
2025-04-26 17:24:55,INFO,アプリケーションが起動しました
2025-04-26 17:25:00,INFO,アプリケーションがシャットダウンしました
2025-04-26 17:25:01,INFO,アプリケーションが起動しました
